test_dataset,model,train_dataset,accuracy,recall_positive,f1_positive,f1_macro,tn,fp,fn,tp
cm_splits_codemixed,mbert,cm_splits_codemixed,0.8048192771084337,0.6870748299319728,0.7137809187279152,0.7828502399855297,233,35,46,101
kaggle_hinglish_hate,mbert,kaggle_hinglish_hate,0.7144351464435147,0.3860589812332439,0.5133689839572193,0.6556482225485578,539,44,229,144
thar_religion,muril,thar_religion,0.7787878787878788,0.8029330889092575,0.7741935483870968,0.7786962650717835,923,296,215,876
