dataset_id,rows,label_0,label_1,positive_rate,unique_normalized_texts,duplicate_normalized_text_rows,mean_words,median_words,p95_words,mean_chars,url_rate,mention_rate,hashtag_rate,emoji_rate
kaggle_hinglish_hate,4780,2914,1866,0.3903765690376569,4772,8,19.284937238493725,19.0,41.0,103.0479079497908,0.07489539748953974,0.10690376569037657,0.06631799163179916,0.0006276150627615063
cm_splits_codemixed,3900,2455,1445,0.37051282051282053,3764,136,28.262564102564102,26.0,54.0,157.49384615384616,0.0002564102564102564,0.7651282051282051,0.25256410256410255,0.18743589743589745
thar_religion,11549,6095,5454,0.47224867953935407,11546,3,29.491297947874276,17.0,86.0,124.42349987011862,0.0,0.0015585765001298814,0.0012122261667676854,0.18131439951510953
existing_79_row_benchmark,79,40,39,0.4936708860759494,75,4,5.253164556962025,5.0,7.0,26.303797468354432,0.0,0.0,0.0,0.0
