dataset_id,label,rows,mean_words,median_words,p95_words,mean_chars,url_rate,mention_rate,hashtag_rate,emoji_rate
kaggle_hinglish_hate,0,2914,18.924502402196293,18.0,38.0,101.84797529169526,0.08201784488675361,0.11324639670555937,0.06932052161976665,0.001029512697323267
kaggle_hinglish_hate,1,1866,19.84780278670954,19.0,46.0,104.92175777063237,0.06377277599142551,0.0969989281886388,0.06162915326902465,0.0
cm_splits_codemixed,0,2455,26.785336048879838,24.0,53.0,148.05702647657841,0.0,0.729938900203666,0.2920570264765784,0.19674134419551934
cm_splits_codemixed,1,1445,30.772318339100345,29.0,55.0,173.52664359861592,0.0006920415224913495,0.8249134948096886,0.18546712802768167,0.17162629757785466
thar_religion,0,6095,26.71468416735029,15.0,80.0,112.9143560295324,0.0,0.0008203445447087777,0.0008203445447087777,0.16997538966365874
thar_religion,1,5454,32.594242757609095,20.0,89.0,137.2852951961863,0.0,0.0023835716905023837,0.0016501650165016502,0.19398606527319398
existing_79_row_benchmark,0,40,5.725,6.0,7.0,29.4,0.0,0.0,0.0,0.0
existing_79_row_benchmark,1,39,4.769230769230769,5.0,6.0,23.128205128205128,0.0,0.0,0.0,0.0
