model_key,model_family,train_dataset,condition,rows,avg_latency_ms,accuracy,precision_positive,recall_positive,f1_positive,precision_macro,recall_macro,f1_macro,tn,fp,fn,tp
mbert_kaggle_hinglish_hate,mbert,kaggle_hinglish_hate,trained_on_kaggle_hinglish_hate,79,4.015935645574118,0.5189873417721519,0.6,0.07692307692307693,0.13636363636363635,0.5567567567567567,0.5134615384615384,0.4015151515151515,38,2,36,3
muril_kaggle_hinglish_hate,muril,kaggle_hinglish_hate,trained_on_kaggle_hinglish_hate,79,1.535796417729101,0.6455696202531646,0.8235294117647058,0.358974358974359,0.5,0.7101518026565465,0.6419871794871795,0.6127450980392157,37,3,25,14
mbert_cm_splits_codemixed,mbert,cm_splits_codemixed,trained_on_cm_splits_codemixed,79,0.5021397594911049,0.46835443037974683,0.2,0.02564102564102564,0.045454545454545456,0.3432432432432433,0.46282051282051284,0.3385167464114832,36,4,38,1
muril_cm_splits_codemixed,muril,cm_splits_codemixed,trained_on_cm_splits_codemixed,79,0.5479018987392045,0.5063291139240507,0.5,0.02564102564102564,0.04878048780487805,0.5032467532467533,0.5003205128205128,0.35772357723577236,39,1,38,1
mbert_thar_religion,mbert,thar_religion,trained_on_thar_religion,79,0.7736540126505226,0.5189873417721519,0.6666666666666666,0.05128205128205128,0.09523809523809523,0.5899122807017544,0.5131410256410256,0.38382594417077176,39,1,37,2
muril_thar_religion,muril,thar_religion,trained_on_thar_religion,79,0.7252041139140544,0.5316455696202531,1.0,0.05128205128205128,0.0975609756097561,0.7597402597402597,0.5256410256410257,0.3906608296852199,40,0,37,2
mbert_session_start,mbert,unknown_existing_checkpoint,existing_checkpoint_at_session_start,79,1.1863502151892953,0.5189873417721519,1.0,0.02564102564102564,0.05,0.7564102564102564,0.5128205128205128,0.36398305084745763,40,0,38,1
muril_session_start,muril,unknown_existing_checkpoint,existing_checkpoint_at_session_start,79,0.8832985189932331,0.5063291139240507,0.0,0.0,0.0,0.25316455696202533,0.5,0.33613445378151263,40,0,39,0
